,block_id,temp_max,execution_time,dvs_calling_count,required_voltage_value,obtained_frequency
0,0,350.16,2.3e-08,1.0,0.65,3.0366143
1,1,350.17,4e-09,1.0,0.65,3.0366935999999995
2,2,352.58,1.6666666666666667e-09,1.0,0.65,3.0558049
3,3,352.58,1.7666666666666666e-08,1.0,0.65,3.0558049
4,4,352.58,1.1333333333333334e-08,1.0,0.65,3.0558049
5,5,352.58,4.003333333333334e-07,600.0,0.65,3.0558049
6,8,352.58,1e-08,1.0,0.65,3.0558049
7,9,,,,,
8,12,,,,,
9,13,,,,,
10,14,,,,,
