block_id,temp_max_etc,temp_max_baseline,temp_diff
15,77.0,77.0,0.0
10,77.0,77.0,0.0
14,77.0,77.0,0.0
9,77.0,77.0,0.0
13,77.0,77.0,0.0
5,77.0,77.0,0.0
8,77.0,77.0,0.0
11,77.0,77.0,0.0
12,77.0,77.0,0.0
4,77.0,77.0,0.0
7,79.44,79.45000000000005,-0.010000000000047748
0,77.0,77.0,0.0
3,77.0,77.0,0.0
6,79.44,79.45000000000005,-0.010000000000047748
2,77.0,77.0,0.0
1,77.0,77.0,0.0
