block_id,required_voltage_value,obtained_frequency,voltage_level
0,0.65,3.0366143,0.65
29,0.65,3.0366935999999995,0.65
30,0.65,3.0366143,0.65
31,0.65,3.0366935999999995,0.65
1,0.65,3.0366935999999995,0.65
4,0.65,3.0366935999999995,0.65
2,0.65,3.0367729,0.65
5,0.65,3.0367729,0.65
12,0.65,3.0374866,0.65
13,0.65,3.0554877000000005,0.65
17,0.65,3.0554877000000005,0.65
18,0.65,3.0722993,0.65
3,0.65,3.0368522,0.65
36,0.65,3.0371694,0.65
8,0.65,3.0366935999999995,0.65
9,0.65,3.0369315,0.65
