block_id,temp_max_etc,temp_max_baseline,temp_diff
17,77.0,77.0,0.0
5,77.0,77.0,0.0
10,77.0,77.0,0.0
13,77.0,77.0,0.0
16,77.0,77.0,0.0
4,77.0,77.0,0.0
9,77.0,77.0,0.0
12,79.44,79.45000000000005,-0.010000000000047748
15,64.29000000000002,64.33000000000004,-0.040000000000020464
0,77.0,77.0,0.0
3,77.0,77.0,0.0
8,77.0,77.0,0.0
11,79.44,79.45000000000005,-0.010000000000047748
14,64.29000000000002,64.33000000000004,-0.040000000000020464
2,77.0,77.0,0.0
6,77.0,77.0,0.0
7,77.0,77.0,0.0
1,77.0,77.0,0.0
