block_id,temp_mean,temp_max,temp_area_weighted_mean,execution_cycles,execution_time,dvs_calling_count,required_voltage_value,obtained_frequency
0,350.15,350.16,350.15,69.0,2.3e-08,1,0.65,3.0366143
1,350.16,350.17,350.16,12.0,4e-09,1,0.65,3.0366935999999995
2,351.86,352.58,351.9,5.0,1.6666666666666667e-09,1,0.65,3.0558049
3,351.88,352.58,351.91,53.0,1.7666666666666666e-08,1,0.65,3.0558049
4,351.89,352.58,351.92,34.0,1.1333333333333334e-08,1,0.65,3.0558049
5,351.9,352.58,351.93,1201.0,4.003333333333334e-07,600,0.65,3.0558049
8,351.9,352.58,351.93,30.0,1e-08,1,0.65,3.0558049
