block_id,temp_max_etc,temp_max_baseline,temp_diff
0,77.01000000000005,77.02000000000004,-0.009999999999990905
1,77.02000000000004,77.03000000000003,-0.009999999999990905
2,79.43,79.44,-0.009999999999990905
3,79.43,79.44,-0.009999999999990905
4,79.43,79.44,-0.009999999999990905
5,79.43,79.44,-0.009999999999990905
8,79.43,79.44,-0.009999999999990905
9,,,
12,,,
13,,,
14,,,
